{
    "loss": 0.7897416353225708,
    "accuracy": 0.8620689511299133
}